T10	28	pr40537	pass
T10	34	stock	pass
T10	34	webapppassword	pass
T10	35	stock	pass
T10	35	webapppassword	pass
T11	28	pr40537	pass
T11	34	stock	fail
T11	34	webapppassword	pass
T11	35	stock	fail
T11	35	webapppassword	pass
T12	28	pr40537	pass
T12	34	stock	fail
T12	34	webapppassword	pass
T12	35	stock	fail
T12	35	webapppassword	pass
T1	28	pr40537	pass
T13	28	pr40537	pass
T13	34	stock	fail
T13	34	webapppassword	pass
T13	35	stock	fail
T13	35	webapppassword	pass
T1	34	stock	pass
T1	34	webapppassword	pass
T1	35	stock	pass
T1	35	webapppassword	pass
T14	28	pr40537	fail
T14	34	stock	fail
T14	34	webapppassword	fail
T14	35	stock	fail
T14	35	webapppassword	fail
T15	28	pr40537	fail
T15	34	stock	fail
T15	34	webapppassword	pass
T15	35	stock	fail
T15	35	webapppassword	pass
T2	28	pr40537	pass
T2	34	stock	pass
T2	34	webapppassword	pass
T2	35	stock	pass
T2	35	webapppassword	pass
T3	28	pr40537	pass
T3	34	stock	pass
T3	34	webapppassword	pass
T3	35	stock	pass
T3	35	webapppassword	pass
T4	28	pr40537	pass
T4	34	stock	pass
T4	34	webapppassword	pass
T4	35	stock	pass
T4	35	webapppassword	pass
T5	28	pr40537	pass
T5	34	stock	pass
T5	34	webapppassword	pass
T5	35	stock	pass
T5	35	webapppassword	pass
T6	28	pr40537	pass
T6	34	stock	pass
T6	34	webapppassword	pass
T6	35	stock	pass
T6	35	webapppassword	pass
T7	28	pr40537	pass
T7	34	stock	pass
T7	34	webapppassword	pass
T7	35	stock	pass
T7	35	webapppassword	pass
T8	28	pr40537	pass
T8	34	stock	pass
T8	34	webapppassword	pass
T8	35	stock	pass
T8	35	webapppassword	pass
T9	28	pr40537	pass
T9	34	stock	pass
T9	34	webapppassword	pass
T9	35	stock	pass
T9	35	webapppassword	pass
